[{"model": "auth.permission", "pk": 1, "fields": {"name": "Can add log entry", "content_type": 1, "codename": "add_logentry"}}, {"model": "auth.permission", "pk": 2, "fields": {"name": "Can change log entry", "content_type": 1, "codename": "change_logentry"}}, {"model": "auth.permission", "pk": 3, "fields": {"name": "Can delete log entry", "content_type": 1, "codename": "delete_logentry"}}, {"model": "auth.permission", "pk": 4, "fields": {"name": "Can view log entry", "content_type": 1, "codename": "view_logentry"}}, {"model": "auth.permission", "pk": 5, "fields": {"name": "Can add permission", "content_type": 2, "codename": "add_permission"}}, {"model": "auth.permission", "pk": 6, "fields": {"name": "Can change permission", "content_type": 2, "codename": "change_permission"}}, {"model": "auth.permission", "pk": 7, "fields": {"name": "Can delete permission", "content_type": 2, "codename": "delete_permission"}}, {"model": "auth.permission", "pk": 8, "fields": {"name": "Can view permission", "content_type": 2, "codename": "view_permission"}}, {"model": "auth.permission", "pk": 9, "fields": {"name": "Can add group", "content_type": 3, "codename": "add_group"}}, {"model": "auth.permission", "pk": 10, "fields": {"name": "Can change group", "content_type": 3, "codename": "change_group"}}, {"model": "auth.permission", "pk": 11, "fields": {"name": "Can delete group", "content_type": 3, "codename": "delete_group"}}, {"model": "auth.permission", "pk": 12, "fields": {"name": "Can view group", "content_type": 3, "codename": "view_group"}}, {"model": "auth.permission", "pk": 13, "fields": {"name": "Can add content type", "content_type": 4, "codename": "add_contenttype"}}, {"model": "auth.permission", "pk": 14, "fields": {"name": "Can change content type", "content_type": 4, "codename": "change_contenttype"}}, {"model": "auth.permission", "pk": 15, "fields": {"name": "Can delete content type", "content_type": 4, "codename": "delete_contenttype"}}, {"model": "auth.permission", "pk": 16, "fields": {"name": "Can view content type", "content_type": 4, "codename": "view_contenttype"}}, {"model": "auth.permission", "pk": 17, "fields": {"name": "Can add session", "content_type": 5, "codename": "add_session"}}, {"model": "auth.permission", "pk": 18, "fields": {"name": "Can change session", "content_type": 5, "codename": "change_session"}}, {"model": "auth.permission", "pk": 19, "fields": {"name": "Can delete session", "content_type": 5, "codename": "delete_session"}}, {"model": "auth.permission", "pk": 20, "fields": {"name": "Can view session", "content_type": 5, "codename": "view_session"}}, {"model": "auth.permission", "pk": 21, "fields": {"name": "Can add user", "content_type": 6, "codename": "add_client"}}, {"model": "auth.permission", "pk": 22, "fields": {"name": "Can change user", "content_type": 6, "codename": "change_client"}}, {"model": "auth.permission", "pk": 23, "fields": {"name": "Can delete user", "content_type": 6, "codename": "delete_client"}}, {"model": "auth.permission", "pk": 24, "fields": {"name": "Can view user", "content_type": 6, "codename": "view_client"}}, {"model": "auth.permission", "pk": 25, "fields": {"name": "Can add dish", "content_type": 7, "codename": "add_dish"}}, {"model": "auth.permission", "pk": 26, "fields": {"name": "Can change dish", "content_type": 7, "codename": "change_dish"}}, {"model": "auth.permission", "pk": 27, "fields": {"name": "Can delete dish", "content_type": 7, "codename": "delete_dish"}}, {"model": "auth.permission", "pk": 28, "fields": {"name": "Can view dish", "content_type": 7, "codename": "view_dish"}}, {"model": "auth.permission", "pk": 29, "fields": {"name": "Can add favorite dishes", "content_type": 8, "codename": "add_favoritedishes"}}, {"model": "auth.permission", "pk": 30, "fields": {"name": "Can change favorite dishes", "content_type": 8, "codename": "change_favoritedishes"}}, {"model": "auth.permission", "pk": 31, "fields": {"name": "Can delete favorite dishes", "content_type": 8, "codename": "delete_favoritedishes"}}, {"model": "auth.permission", "pk": 32, "fields": {"name": "Can view favorite dishes", "content_type": 8, "codename": "view_favoritedishes"}}, {"model": "auth.permission", "pk": 33, "fields": {"name": "Can add dish ingredients", "content_type": 9, "codename": "add_dishingredients"}}, {"model": "auth.permission", "pk": 34, "fields": {"name": "Can change dish ingredients", "content_type": 9, "codename": "change_dishingredients"}}, {"model": "auth.permission", "pk": 35, "fields": {"name": "Can delete dish ingredients", "content_type": 9, "codename": "delete_dishingredients"}}, {"model": "auth.permission", "pk": 36, "fields": {"name": "Can view dish ingredients", "content_type": 9, "codename": "view_dishingredients"}}, {"model": "auth.permission", "pk": 37, "fields": {"name": "Can add available ingredients", "content_type": 10, "codename": "add_availableingredients"}}, {"model": "auth.permission", "pk": 38, "fields": {"name": "Can change available ingredients", "content_type": 10, "codename": "change_availableingredients"}}, {"model": "auth.permission", "pk": 39, "fields": {"name": "Can delete available ingredients", "content_type": 10, "codename": "delete_availableingredients"}}, {"model": "auth.permission", "pk": 40, "fields": {"name": "Can view available ingredients", "content_type": 10, "codename": "view_availableingredients"}}, {"model": "auth.permission", "pk": 41, "fields": {"name": "Can add refresh token", "content_type": 11, "codename": "add_refreshtoken"}}, {"model": "auth.permission", "pk": 42, "fields": {"name": "Can change refresh token", "content_type": 11, "codename": "change_refreshtoken"}}, {"model": "auth.permission", "pk": 43, "fields": {"name": "Can delete refresh token", "content_type": 11, "codename": "delete_refreshtoken"}}, {"model": "auth.permission", "pk": 44, "fields": {"name": "Can view refresh token", "content_type": 11, "codename": "view_refreshtoken"}}, {"model": "auth.permission", "pk": 45, "fields": {"name": "Can add user status", "content_type": 12, "codename": "add_userstatus"}}, {"model": "auth.permission", "pk": 46, "fields": {"name": "Can change user status", "content_type": 12, "codename": "change_userstatus"}}, {"model": "auth.permission", "pk": 47, "fields": {"name": "Can delete user status", "content_type": 12, "codename": "delete_userstatus"}}, {"model": "auth.permission", "pk": 48, "fields": {"name": "Can view user status", "content_type": 12, "codename": "view_userstatus"}}, {"model": "contenttypes.contenttype", "pk": 1, "fields": {"app_label": "admin", "model": "logentry"}}, {"model": "contenttypes.contenttype", "pk": 2, "fields": {"app_label": "auth", "model": "permission"}}, {"model": "contenttypes.contenttype", "pk": 3, "fields": {"app_label": "auth", "model": "group"}}, {"model": "contenttypes.contenttype", "pk": 4, "fields": {"app_label": "contenttypes", "model": "contenttype"}}, {"model": "contenttypes.contenttype", "pk": 5, "fields": {"app_label": "sessions", "model": "session"}}, {"model": "contenttypes.contenttype", "pk": 6, "fields": {"app_label": "cooking", "model": "client"}}, {"model": "contenttypes.contenttype", "pk": 7, "fields": {"app_label": "cooking", "model": "dish"}}, {"model": "contenttypes.contenttype", "pk": 8, "fields": {"app_label": "cooking", "model": "favoritedishes"}}, {"model": "contenttypes.contenttype", "pk": 9, "fields": {"app_label": "cooking", "model": "dishingredients"}}, {"model": "contenttypes.contenttype", "pk": 10, "fields": {"app_label": "cooking", "model": "availableingredients"}}, {"model": "contenttypes.contenttype", "pk": 11, "fields": {"app_label": "refresh_token", "model": "refreshtoken"}}, {"model": "contenttypes.contenttype", "pk": 12, "fields": {"app_label": "graphql_auth", "model": "userstatus"}}, {"model": "cooking.dish", "pk": 1, "fields": {"name": "Spaghetti and Meatballs", "owner": 1, "public": true}}, {"model": "cooking.dish", "pk": 2, "fields": {"name": "Beef Stew", "owner": 1, "public": true}}, {"model": "cooking.dish", "pk": 4, "fields": {"name": "Lasagna", "owner": 1, "public": true}}, {"model": "cooking.dish", "pk": 5, "fields": {"name": "Macaroni and Cheese", "owner": 1, "public": true}}, {"model": "cooking.dish", "pk": 6, "fields": {"name": "Peanut Butter and Jelly Sandwich", "owner": 1, "public": true}}, {"model": "cooking.availableingredients", "pk": 1, "fields": {"name": "Ground Beef", "count": 1, "owner": 1}}, {"model": "cooking.availableingredients", "pk": 2, "fields": {"name": "Bread Crumbs", "count": 1, "owner": 1}}, {"model": "cooking.availableingredients", "pk": 3, "fields": {"name": "Italian Seasoning", "count": 1, "owner": 1}}, {"model": "cooking.availableingredients", "pk": 4, "fields": {"name": "Parmesan Cheese", "count": 1, "owner": 1}}, {"model": "cooking.availableingredients", "pk": 5, "fields": {"name": "Garlic", "count": 1, "owner": 1}}, {"model": "cooking.availableingredients", "pk": 6, "fields": {"name": "Potato", "count": 1, "owner": 1}}, {"model": "cooking.availableingredients", "pk": 7, "fields": {"name": "Egg", "count": 1, "owner": 1}}, {"model": "cooking.availableingredients", "pk": 8, "fields": {"name": "Pepper", "count": 1, "owner": 1}}, {"model": "cooking.availableingredients", "pk": 9, "fields": {"name": "Salt", "count": 1, "owner": 1}}, {"model": "cooking.availableingredients", "pk": 10, "fields": {"name": "Onion", "count": 1, "owner": 1}}, {"model": "cooking.availableingredients", "pk": 11, "fields": {"name": "Sugar", "count": 1, "owner": 1}}, {"model": "cooking.dishingredients", "pk": 1, "fields": {"dish": 1, "name": "Ground Beef"}}, {"model": "cooking.dishingredients", "pk": 2, "fields": {"dish": 1, "name": "Bread Crumbs"}}, {"model": "cooking.dishingredients", "pk": 3, "fields": {"dish": 1, "name": "Italian Seasoning"}}, {"model": "cooking.dishingredients", "pk": 4, "fields": {"dish": 1, "name": "Parmesan Cheese"}}, {"model": "cooking.dishingredients", "pk": 5, "fields": {"dish": 1, "name": "Garlic"}}, {"model": "cooking.dishingredients", "pk": 6, "fields": {"dish": 1, "name": "Salt"}}, {"model": "cooking.dishingredients", "pk": 7, "fields": {"dish": 1, "name": "Pepper"}}, {"model": "cooking.dishingredients", "pk": 8, "fields": {"dish": 1, "name": "Egg"}}, {"model": "cooking.dishingredients", "pk": 9, "fields": {"dish": 1, "name": "Pasta"}}, {"model": "cooking.dishingredients", "pk": 10, "fields": {"dish": 1, "name": "Marinara Sauce"}}, {"model": "cooking.dishingredients", "pk": 11, "fields": {"dish": 2, "name": "Stewing Beef"}}, {"model": "cooking.dishingredients", "pk": 12, "fields": {"dish": 2, "name": "Flour"}}, {"model": "cooking.dishingredients", "pk": 13, "fields": {"dish": 2, "name": "Garlic Powder"}}, {"model": "cooking.dishingredients", "pk": 14, "fields": {"dish": 2, "name": "Salt"}}, {"model": "cooking.dishingredients", "pk": 15, "fields": {"dish": 2, "name": "Black Pepper"}}, {"model": "cooking.dishingredients", "pk": 16, "fields": {"dish": 2, "name": "Olive Oil"}}, {"model": "cooking.dishingredients", "pk": 17, "fields": {"dish": 2, "name": "Onion"}}, {"model": "cooking.dishingredients", "pk": 18, "fields": {"dish": 2, "name": "Beef Broth"}}, {"model": "cooking.dishingredients", "pk": 19, "fields": {"dish": 2, "name": "Potato"}}, {"model": "cooking.dishingredients", "pk": 20, "fields": {"dish": 2, "name": "Carrot"}}, {"model": "cooking.dishingredients", "pk": 21, "fields": {"dish": 2, "name": "Tomato Paste"}}, {"model": "cooking.dishingredients", "pk": 22, "fields": {"dish": 2, "name": "Dried Rosemary"}}, {"model": "cooking.dishingredients", "pk": 23, "fields": {"dish": 2, "name": "Cornstarch"}}, {"model": "cooking.dishingredients", "pk": 24, "fields": {"dish": 4, "name": "Ground Beef"}}, {"model": "cooking.dishingredients", "pk": 25, "fields": {"dish": 4, "name": "Pork Sausage"}}, {"model": "cooking.dishingredients", "pk": 26, "fields": {"dish": 4, "name": "Tomato Sauce"}}, {"model": "cooking.dishingredients", "pk": 27, "fields": {"dish": 4, "name": "Tomato Paste"}}, {"model": "cooking.dishingredients", "pk": 28, "fields": {"dish": 4, "name": "Garlic Cloves"}}, {"model": "cooking.dishingredients", "pk": 29, "fields": {"dish": 4, "name": "Sugar"}}, {"model": "cooking.dishingredients", "pk": 30, "fields": {"dish": 4, "name": "Italian Seasoning"}}, {"model": "cooking.dishingredients", "pk": 31, "fields": {"dish": 4, "name": "Salt"}}, {"model": "cooking.dishingredients", "pk": 32, "fields": {"dish": 4, "name": "Pepper"}}, {"model": "cooking.dishingredients", "pk": 33, "fields": {"dish": 4, "name": "Eggs"}}, {"model": "cooking.dishingredients", "pk": 34, "fields": {"dish": 4, "name": "Parsley"}}, {"model": "cooking.dishingredients", "pk": 36, "fields": {"dish": 4, "name": "Cottage Cheese"}}, {"model": "cooking.dishingredients", "pk": 37, "fields": {"dish": 4, "name": "Ricotta Cheese"}}, {"model": "cooking.dishingredients", "pk": 38, "fields": {"dish": 4, "name": "Parmesan Cheese"}}, {"model": "cooking.dishingredients", "pk": 39, "fields": {"dish": 4, "name": "Lasagna Noodles"}}, {"model": "cooking.dishingredients", "pk": 40, "fields": {"dish": 4, "name": "Provolone Cheese"}}, {"model": "cooking.dishingredients", "pk": 41, "fields": {"dish": 4, "name": "Shredded Mozzarella Cheese"}}, {"model": "cooking.dishingredients", "pk": 42, "fields": {"dish": 5, "name": "Elbow Pasta"}}, {"model": "cooking.dishingredients", "pk": 43, "fields": {"dish": 5, "name": "Butter"}}, {"model": "cooking.dishingredients", "pk": 44, "fields": {"dish": 5, "name": "Flour"}}, {"model": "cooking.dishingredients", "pk": 45, "fields": {"dish": 5, "name": "Whole Milk"}}, {"model": "cooking.dishingredients", "pk": 46, "fields": {"dish": 5, "name": "Half and Half"}}, {"model": "cooking.dishingredients", "pk": 47, "fields": {"dish": 5, "name": "Cheddar Cheese"}}, {"model": "cooking.dishingredients", "pk": 48, "fields": {"dish": 5, "name": "Gruyere Cheese"}}, {"model": "cooking.dishingredients", "pk": 49, "fields": {"dish": 5, "name": "Salt"}}, {"model": "cooking.dishingredients", "pk": 50, "fields": {"dish": 5, "name": "Pepper"}}, {"model": "cooking.dishingredients", "pk": 51, "fields": {"dish": 5, "name": "Paprika"}}, {"model": "cooking.dishingredients", "pk": 52, "fields": {"dish": 6, "name": "Bread"}}, {"model": "cooking.dishingredients", "pk": 53, "fields": {"dish": 6, "name": "Peanut Butter"}}, {"model": "cooking.dishingredients", "pk": 54, "fields": {"dish": 6, "name": "Jelly"}}, {"model": "cooking.client", "pk": 1, "fields": {"password": "bcrypt_sha256$$2b$12$/KfIfewEeOoPqJYjObRmz.puP6YmouXextudvcp0.hZ91wsP0uWSi", "last_login": null, "is_superuser": false, "username": "jimmy", "first_name": "", "last_name": "", "email": "", "is_staff": false, "is_active": true, "date_joined": "2023-05-11T03:33:34.300Z", "groups": [], "user_permissions": []}}, {"model": "cooking.favoritedishes", "pk": 1, "fields": {"owner": 1, "dish": 1}}, {"model": "cooking.favoritedishes", "pk": 2, "fields": {"owner": 1, "dish": 2}}, {"model": "cooking.favoritedishes", "pk": 3, "fields": {"owner": 1, "dish": 4}}, {"model": "cooking.favoritedishes", "pk": 4, "fields": {"owner": 1, "dish": 5}}, {"model": "cooking.favoritedishes", "pk": 5, "fields": {"owner": 1, "dish": 6}}, {"model": "refresh_token.refreshtoken", "pk": 1, "fields": {"user": 1, "token": "cafeec89ecb193dd361308e04a11f58b29e271a2", "created": "2023-05-11T03:33:35.070Z", "revoked": null}}, {"model": "refresh_token.refreshtoken", "pk": 2, "fields": {"user": 1, "token": "5727ef2f021d34bc6d0e61c68600e1352fa2167a", "created": "2023-05-11T03:35:11.267Z", "revoked": null}}, {"model": "refresh_token.refreshtoken", "pk": 3, "fields": {"user": 1, "token": "c952376909fba9cdabd6ec315edcfd094aedd89e", "created": "2023-05-11T03:42:27.572Z", "revoked": null}}, {"model": "refresh_token.refreshtoken", "pk": 4, "fields": {"user": 1, "token": "3de0bb6f52c28ed48d9a6e19fd33d2903868e432", "created": "2023-05-11T03:51:30.995Z", "revoked": null}}, {"model": "refresh_token.refreshtoken", "pk": 5, "fields": {"user": 1, "token": "d78055cf83ec84310997bb3cf7cf5582c6575960", "created": "2023-05-11T03:57:51.551Z", "revoked": null}}, {"model": "refresh_token.refreshtoken", "pk": 6, "fields": {"user": 1, "token": "2b695645d7a73953e351335a06fea3087d30364e", "created": "2023-05-11T04:03:59.733Z", "revoked": null}}, {"model": "refresh_token.refreshtoken", "pk": 7, "fields": {"user": 1, "token": "672ffaeaf9b74df01389e5135c707026a7a94be1", "created": "2023-05-11T04:11:31.046Z", "revoked": null}}, {"model": "refresh_token.refreshtoken", "pk": 8, "fields": {"user": 1, "token": "2751e87ae756ec92c4dc72bf8e6bfd86c3a89f46", "created": "2023-05-11T04:21:37.971Z", "revoked": null}}, {"model": "refresh_token.refreshtoken", "pk": 9, "fields": {"user": 1, "token": "958b6e42f5a579d28ffddfc153bd4629d604d3bb", "created": "2023-05-11T20:54:45.337Z", "revoked": null}}, {"model": "refresh_token.refreshtoken", "pk": 10, "fields": {"user": 1, "token": "569cff7d860ac52e7cee147630ab967519036fcb", "created": "2023-05-11T21:03:48.371Z", "revoked": null}}, {"model": "graphql_auth.userstatus", "pk": 1, "fields": {"user": 1, "verified": false, "archived": false, "secondary_email": null}}]